Wavelength (nm),5% A reflectance (%),5% B reflectance (%),10% A reflectance (%),10% B reflectance (%),15% A reflectance (%),15% B reflectance (%)
800.00000,23.80109,25.26736,15.82653,15.54700,25.11712,19.60606
801.00000,22.60903,24.09973,15.58389,15.97858,26.36024,20.84289
802.00000,20.95069,22.38635,15.37702,16.72299,28.17940,22.66700
803.00000,19.23060,20.77105,15.50724,17.80175,29.86882,24.58491
804.00000,17.76349,19.21085,16.09693,19.12524,31.31981,26.37429
805.00000,16.39749,17.69195,16.98511,20.76053,32.58834,28.16595
806.00000,15.41011,16.29932,18.21509,22.54382,33.79124,29.81848
807.00000,14.73316,15.22576,19.66781,24.47195,34.72955,31.35111
808.00000,14.42169,14.62030,21.48714,26.45203,35.40840,32.72422
809.00000,14.53369,14.46364,23.40000,28.43083,35.76851,33.88986
810.00000,15.08405,14.71230,25.37329,30.39706,35.96009,34.91354
811.00000,16.09691,15.34788,27.19745,32.12637,35.87811,35.65283
812.00000,17.49002,16.35369,28.98717,33.67590,35.49261,36.15891
813.00000,19.18069,17.73661,30.80545,34.88075,34.69968,36.21692
814.00000,21.13165,19.55638,32.49073,36.04808,33.62052,36.03234
815.00000,23.18919,21.58913,33.90908,37.00269,32.30582,35.54583
816.00000,25.35442,23.88918,35.09932,37.66556,30.69989,34.78602
817.00000,27.68562,26.27285,36.19762,37.97781,28.83533,33.69960
818.00000,30.08765,28.61075,36.96779,37.80807,26.54214,32.31119
819.00000,32.27261,30.79700,37.21124,37.44416,24.25281,30.69184
820.00000,34.25123,32.79573,37.15355,36.74329,21.83948,28.74832
821.00000,35.93893,34.87623,36.79741,35.71520,19.51385,26.48715
822.00000,37.61621,36.90171,36.33476,34.48643,17.18452,24.16716
823.00000,38.99894,38.59772,35.57863,32.83423,15.02719,21.79853
824.00000,40.16882,39.95584,34.66606,31.20909,13.06558,19.37301
825.00000,40.95892,40.94725,33.28437,28.97078,11.39540,16.87702
826.00000,41.59165,41.83844,31.59307,26.67793,10.15702,14.55980
827.00000,41.87166,42.31460,29.62551,24.07677,9.46124,12.58479
828.00000,41.92561,42.61828,27.58281,21.65671,9.34726,10.95881
829.00000,41.61012,42.45319,25.33951,19.21814,9.69698,9.71533
830.00000,41.03451,42.06703,22.95175,16.75961,10.66156,8.94836
831.00000,40.24269,41.48843,20.51668,14.49051,12.17060,8.75141
832.00000,38.98406,40.59439,18.03124,12.39450,14.18676,9.14908
833.00000,37.48178,39.37796,15.67382,10.78813,16.40621,10.07171
834.00000,35.55668,37.71215,13.49093,9.47445,18.85720,11.64367
835.00000,33.56242,35.94381,11.57988,8.88179,21.52270,13.61536
836.00000,31.28409,33.94875,10.13081,8.78174,24.53745,16.02147
837.00000,28.84673,31.62255,9.16561,9.47754,27.43789,18.59647
838.00000,26.12915,29.07027,8.84538,10.58690,30.35271,21.43184
839.00000,23.48211,26.34885,8.99045,12.36413,32.87747,24.38452
840.00000,20.78539,23.52951,9.80836,14.42012,35.27103,27.21157
841.00000,18.09788,20.77896,11.15123,17.05476,37.26508,30.13413
842.00000,15.38851,17.98089,13.11055,20.02965,38.98733,32.71212
843.00000,13.04736,15.54098,15.44026,23.23396,40.52978,35.33313
844.00000,11.28393,13.19669,18.08607,26.37928,41.94128,37.45662
845.00000,10.04282,11.46240,20.95686,29.28641,42.78551,39.23128
846.00000,9.34531,9.99821,23.85010,32.09183,43.16763,40.73197
847.00000,9.16042,9.27964,26.93533,34.85202,43.34600,42.01330
848.00000,9.54917,9.17264,29.77941,37.44632,43.28427,42.95418
849.00000,10.69175,9.77648,32.63365,39.70294,42.95497,43.54650
850.00000,12.41244,11.10649,35.22392,41.55723,41.80292,43.88470
851.00000,14.81201,12.94554,37.76742,43.26245,40.66749,43.92848
852.00000,17.49099,15.37300,40.17067,44.90752,38.71987,43.62641
853.00000,20.49709,17.99074,42.09275,46.15948,36.84223,42.79760
854.00000,23.61700,20.86363,43.26989,46.33662,34.08943,41.24608
855.00000,26.84804,23.95458,43.85978,46.18784,31.65474,39.80445
856.00000,29.89465,27.18357,44.23741,45.85204,28.62118,37.53264
857.00000,32.91334,30.62067,44.71436,45.38895,25.65499,35.37880
858.00000,35.56238,33.81251,45.04000,44.49595,22.44321,32.17498
859.00000,38.65822,36.94487,45.56981,43.28129,19.32891,29.29305
860.00000,41.21231,39.41219,45.09294,41.85137,16.46967,26.21208
861.00000,43.29667,41.70839,43.90627,39.67897,14.19474,23.19750
862.00000,44.87836,43.24542,41.99482,36.81886,12.41777,19.80790
863.00000,46.37643,45.14523,39.85967,33.73197,11.87649,16.59900
864.00000,47.89304,46.69583,37.67009,30.37986,12.05396,13.90007
865.00000,47.73759,47.63483,34.90918,27.07191,13.52343,12.02975
866.00000,47.39365,47.96936,31.86869,23.22754,15.64020,11.08893
867.00000,46.82418,48.22664,28.55324,19.76544,18.72538,11.28339
868.00000,46.91477,48.60117,24.90729,16.40029,22.33096,12.62007
869.00000,45.79908,47.83207,21.48601,13.60473,26.30408,15.09024
870.00000,44.35027,46.50622,17.87193,11.35420,30.43027,18.04916
871.00000,42.14580,45.27584,14.43046,9.60641,34.71741,21.98514
872.00000,40.15100,43.88479,11.85711,9.38489,38.86403,26.32771
873.00000,37.57275,41.41422,9.96114,10.37181,43.30400,31.13581
874.00000,35.20006,38.03857,9.36297,13.24796,46.46774,35.89130
875.00000,32.43963,34.54212,9.56841,15.83410,49.21199,39.96206
876.00000,28.34532,31.19504,10.67741,20.14997,51.70383,44.04595
877.00000,24.30754,28.09312,13.16120,24.79451,55.23644,48.66114
878.00000,19.77859,24.94200,16.82899,31.14825,57.83865,53.86310
879.00000,16.64936,21.37767,21.54319,36.87119,59.32748,57.51493
880.00000,13.09113,17.07339,26.04966,41.37467,61.30343,60.32739
881.00000,10.06775,12.47476,30.06028,45.47491,62.50679,61.31040
882.00000,7.22242,9.00474,34.47639,49.83327,62.36148,63.69205
883.00000,5.85263,6.78205,38.97802,53.14812,59.57868,64.29480
884.00000,6.25936,5.86832,44.04912,56.48061,57.85798,65.95189
885.00000,7.99122,5.51995,48.31641,59.01217,56.67148,66.38558
886.00000,11.30321,6.49283,50.86379,62.47412,54.32865,66.67035
887.00000,14.66169,9.17913,54.61553,64.75865,51.61206,65.36539
888.00000,18.92420,13.82646,58.13740,66.01054,47.96999,65.35001
889.00000,24.37102,20.53845,61.74217,67.08816,45.15236,64.07218
890.00000,29.89645,25.92776,62.03243,68.23077,40.35929,61.29065
891.00000,36.15034,30.78536,61.88015,69.07280,36.10596,56.22638
892.00000,42.62295,35.69560,64.80936,69.70004,31.97248,52.08733
893.00000,48.83933,42.22157,65.25812,67.51404,29.44753,47.18939
894.00000,52.50161,48.09404,63.56244,65.48224,28.13400,41.86954
895.00000,57.17477,52.83281,58.91892,60.44286,27.62868,36.21739
896.00000,58.63429,55.82956,55.78694,56.04727,27.68015,30.64247
897.00000,66.86151,61.57746,57.66625,53.55795,31.25612,26.78225
898.00000,65.85377,63.75382,54.34779,49.25455,35.49410,23.50537
899.00000,70.83286,68.48373,53.62917,44.79095,41.76732,26.01208
900.00000,70.11266,69.80609,48.87077,35.94807,47.98838,29.78107
901.00000,73.80209,70.88725,46.40455,31.10408,57.05838,39.75925
902.00000,75.02853,70.78212,40.13385,26.11881,64.63531,50.77177
903.00000,78.19746,71.15781,33.05843,25.47094,70.71783,61.42842
904.00000,77.88937,72.84901,26.23452,23.24951,78.10417,70.56889
905.00000,76.74755,73.25032,20.22595,28.35135,82.24698,77.74860
906.00000,73.72745,73.04708,17.00379,34.39961,85.07590,86.07704
907.00000,73.50256,72.82269,18.16377,46.69904,83.46960,91.21165
908.00000,70.42542,69.76714,23.62366,56.02840,82.96558,95.24348
909.00000,65.98946,64.42352,30.08295,66.70549,81.07621,97.22306
910.00000,61.26953,61.04482,40.04878,80.38712,78.71597,101.34496
911.00000,58.06408,56.11940,50.59515,89.28039,75.94933,103.16454
912.00000,51.63305,51.96774,58.46546,96.38649,73.43438,105.03491
913.00000,46.47742,45.34055,64.34559,98.28884,71.75598,106.04115
914.00000,39.13934,39.44170,69.38748,105.01479,70.78089,108.77814
915.00000,32.72875,32.39970,72.77670,105.43066,69.66788,108.04472
916.00000,24.06428,26.64105,74.34171,105.41405,68.57562,108.22701
917.00000,20.85337,23.55942,75.38922,103.30328,71.46168,108.17119
918.00000,23.92408,24.35018,81.53721,108.51797,74.57037,110.42561
919.00000,34.20591,29.38171,85.43920,112.87119,76.90103,111.61269
920.00000,46.79701,36.83912,87.42435,115.37143,76.29435,110.42166
921.00000,59.25685,47.24874,86.93130,112.77813,75.96000,111.67041
922.00000,71.10474,56.30931,86.18725,110.72650,75.65817,111.42635
923.00000,78.24265,65.94814,82.56810,109.25401,74.19419,111.58280
924.00000,86.65977,73.08580,79.47342,111.09384,72.75853,110.22841
925.00000,92.37991,77.37813,77.37518,110.55502,69.28333,109.48590
926.00000,99.93584,81.20953,78.02531,111.39363,66.39044,109.66822
927.00000,103.60976,83.85355,75.92278,111.48597,63.23525,109.52681
928.00000,106.73281,86.78026,75.77312,112.94143,63.79818,109.08443
929.00000,107.60282,87.76881,73.63525,113.48383,64.70913,110.59814
930.00000,106.37406,87.73821,72.56356,111.29015,63.33070,111.02320
931.00000,104.69683,87.14493,69.80096,110.38017,61.63723,109.98225
932.00000,105.18907,87.82381,69.96403,109.09339,59.83720,108.21815
933.00000,107.72943,88.16798,70.08047,109.04441,59.68683,107.24603
934.00000,107.70639,87.35971,70.33575,109.06124,57.15191,107.07684
935.00000,107.44244,86.09669,68.33947,109.82957,55.30688,106.43317
936.00000,108.30078,84.91473,66.62982,110.70514,53.70047,107.30635
937.00000,111.59148,86.93672,64.93301,112.59437,54.30335,109.15886
938.00000,111.91541,85.21402,63.00369,112.14862,54.26723,109.66000
939.00000,111.46135,84.94101,62.03027,111.15831,53.53751,109.08247
940.00000,109.52598,81.30251,60.23121,108.37892,51.78335,108.03435
941.00000,110.23718,82.36024,60.63847,109.48749,51.19578,108.55402
942.00000,112.11220,84.30522,63.81571,112.07366,54.41905,109.42167
943.00000,113.05307,87.72816,67.37988,111.51854,58.45710,108.82507
944.00000,113.70844,89.45958,71.56563,110.46529,63.64640,107.81201
945.00000,110.61312,90.16210,74.53065,108.45748,67.24574,105.26871
946.00000,110.29980,92.07381,78.77083,109.83043,71.23725,105.91806
947.00000,109.66316,95.19510,83.26328,110.07248,75.27323,106.90344
948.00000,109.69997,97.85285,86.16317,110.56059,78.53924,107.98712
949.00000,110.25032,99.35094,88.37761,110.19778,81.16987,107.47789
950.00000,108.46386,99.60258,89.56630,109.82267,82.04879,105.98969
951.00000,109.45924,99.83485,89.43875,108.87924,82.39713,106.59328
952.00000,109.22359,100.44270,90.36777,108.32028,83.05395,106.13618
953.00000,110.48881,100.41906,91.35966,108.99368,83.45575,107.03136
954.00000,110.52338,101.32108,92.77795,110.21018,84.49602,106.67029
955.00000,109.96696,100.78294,92.67548,111.02693,84.76317,107.01705
956.00000,109.49120,100.42826,91.01217,109.86697,84.77858,106.09748
957.00000,108.07562,99.01936,90.40508,108.54453,84.15060,106.41843
958.00000,109.49261,100.24823,90.99976,107.58275,83.93199,106.58636
959.00000,109.81346,101.12208,91.50018,107.48361,84.27126,107.27107
960.00000,111.54604,102.32420,92.62534,108.09407,84.74706,107.92616
961.00000,110.33355,101.20693,92.24295,109.35228,85.84935,108.70594
962.00000,109.91622,101.17395,92.65214,110.18542,85.70695,109.33143
963.00000,108.18301,100.08665,90.59770,109.73681,85.02048,108.03056
964.00000,107.16034,98.03856,88.50780,107.92033,81.66338,107.05198
965.00000,108.27386,96.10625,85.50684,106.79961,77.97115,107.36900
966.00000,109.33681,94.06094,82.00772,107.43056,72.75468,107.65358
967.00000,109.30742,93.06655,78.23646,107.68951,68.74726,106.58908
968.00000,108.32473,90.83395,75.13644,107.84006,65.14319,104.69305
969.00000,107.41929,90.96933,75.65429,107.13713,65.91039,104.21929
970.00000,108.21448,91.95485,76.91233,107.64993,69.53619,105.42760
971.00000,108.79079,95.33218,82.70588,107.60249,76.41470,106.97411
972.00000,109.26942,98.32482,88.31563,108.01417,83.46722,107.86091
973.00000,109.63341,101.91468,94.36998,108.49649,89.24842,107.88976
974.00000,109.17982,103.06128,96.53992,108.61713,92.32213,106.72337
975.00000,108.87742,103.61127,97.80738,108.74834,93.44184,106.22263
976.00000,108.82297,103.14759,98.59495,108.50548,93.36397,105.94102
977.00000,109.06190,103.42700,98.63145,108.70005,94.22409,106.61099
978.00000,109.49970,102.47728,98.37086,108.54243,94.56448,106.87099
979.00000,108.74282,102.20096,97.98377,109.20349,94.37290,106.74788
980.00000,108.88456,101.62338,97.67148,109.11819,94.00824,106.84162
981.00000,108.99703,102.70287,97.61203,108.79038,93.59107,106.68354
982.00000,109.21277,102.71463,97.89101,108.13772,93.48827,106.73376
983.00000,109.12070,103.15386,98.58501,108.44004,94.01105,106.22989
984.00000,109.43593,103.29401,99.12968,109.12744,95.65638,106.10710
985.00000,108.50955,102.50344,98.51705,107.44057,96.43736,105.29967
986.00000,108.02034,103.17762,99.29330,106.83134,97.45747,105.69331
987.00000,106.77492,102.47046,99.22060,105.84420,96.76759,105.62511
988.00000,107.91423,103.08100,100.89370,107.14935,97.97029,106.39411
989.00000,108.89901,103.32976,101.62014,107.88611,98.47279,106.73963
990.00000,108.68753,103.94696,101.62048,108.06059,98.38762,106.18048
991.00000,107.68646,103.66068,100.31677,107.56229,98.02527,105.48882
992.00000,106.95962,102.68417,99.55462,107.23489,97.68488,104.88120
993.00000,106.92020,102.33127,99.58418,107.03358,98.48369,104.93668
994.00000,107.12844,103.11872,100.63604,107.69768,98.45359,104.87088
995.00000,106.76698,102.93950,100.34377,106.36369,97.74795,103.88855
996.00000,107.32375,103.10599,100.21311,106.75282,97.65904,104.13681
997.00000,107.60027,102.97710,98.58132,107.29772,97.20383,104.06927
998.00000,108.10269,103.08558,98.96631,109.04461,96.89935,105.37157
999.00000,108.25372,102.98464,99.77489,108.61755,96.43615,105.51563
1000.00000,108.76474,103.23624,101.31143,107.26509,96.72230,106.02576
1001.00000,108.13391,103.17793,101.07473,106.18931,97.34857,105.27643
1002.00000,107.28993,102.66158,99.83986,106.15713,96.95686,104.80022
1003.00000,106.54973,101.99318,99.09366,106.10091,97.04256,104.35024
1004.00000,106.89661,101.67753,98.58112,106.46776,96.48167,104.50581
1005.00000,106.91261,102.13752,98.87148,106.88924,96.91174,105.04087
1006.00000,107.04691,102.67844,99.47784,106.98601,97.01822,105.10956
1007.00000,106.91800,104.44733,100.87570,107.72989,98.64005,105.65874
1008.00000,107.39576,104.31423,101.39385,107.30586,99.06819,105.58499
1009.00000,106.97974,104.04916,101.37170,107.03437,99.43375,105.42688
1010.00000,106.64290,102.97749,101.23787,105.87634,98.77450,104.48585
1011.00000,106.04181,103.07270,101.63167,105.99023,99.27486,103.90173
1012.00000,106.51349,103.98237,102.47723,107.10826,100.08524,104.53589
1013.00000,106.48618,104.52563,102.35373,107.14134,100.98939,105.09444
1014.00000,106.58807,104.47769,102.68930,107.32622,100.97934,105.37099
1015.00000,106.02163,103.64456,102.46284,106.63448,100.83622,104.51800
1016.00000,106.95502,104.05568,103.21501,107.19897,100.35883,104.49229
1017.00000,106.65756,103.64909,102.60643,106.49715,99.90266,103.98530
1018.00000,107.71241,103.86163,102.58720,106.50282,100.12550,104.66681
1019.00000,106.75990,102.67161,101.69023,105.79766,99.37920,104.17844
1020.00000,107.61636,103.00522,101.86996,106.40210,99.29836,104.85104
1021.00000,107.18327,102.67421,101.31496,106.50903,97.51148,104.93906
1022.00000,107.06602,101.80540,100.15899,106.73498,96.66211,105.47350
1023.00000,106.56133,101.27872,98.61972,106.33073,94.84306,104.75580
1024.00000,106.07624,101.16695,97.31315,105.86842,94.30787,104.36183
1025.00000,106.46091,101.57094,96.98431,105.52057,92.94842,104.18474
1026.00000,106.04301,101.34595,96.86071,105.22059,91.96264,104.67924
1027.00000,105.90102,100.63142,96.12598,105.28940,90.54108,104.18392
1028.00000,105.73582,100.43453,95.32428,105.48323,90.49029,103.40762
1029.00000,106.03746,100.60806,94.60788,105.82031,91.01201,102.89684
1030.00000,106.31424,100.76550,94.84039,105.47672,91.96470,103.12482
1031.00000,106.21029,101.37893,95.89848,105.09004,93.39304,103.36185
1032.00000,106.17136,101.95861,97.54235,104.37466,95.31352,103.55438
1033.00000,105.78507,102.50558,99.24410,104.59525,97.29678,103.20854
1034.00000,105.88387,102.89922,100.58562,104.96231,98.89669,103.33591
1035.00000,106.44794,103.25674,101.71667,106.09585,100.55309,103.68198
1036.00000,105.71319,103.17480,102.65945,105.79510,101.15200,103.41112
1037.00000,105.91882,103.33824,103.54067,105.84369,101.90195,103.66515
1038.00000,105.18683,102.99221,103.59167,104.92419,101.80499,103.35390
1039.00000,106.38628,103.59412,104.03371,106.04386,102.69008,104.51043
1040.00000,105.73688,103.53313,103.54489,105.29660,102.67760,104.33084
1041.00000,106.60132,104.33218,104.23866,105.69341,103.55452,105.24820
1042.00000,105.97130,103.78041,103.77594,104.74892,103.48969,104.24324
1043.00000,105.77588,103.62267,103.76294,105.28780,103.69150,104.33155
1044.00000,104.74165,102.76762,102.91847,104.77573,102.87446,102.88931
1045.00000,105.21013,102.85570,103.08456,104.87949,103.26201,102.80309
1046.00000,105.43102,102.80603,103.73412,104.93342,103.30955,102.62057
1047.00000,105.72616,102.90913,104.62994,105.63159,103.72433,103.36418
1048.00000,105.00090,103.28981,104.93673,105.33795,102.96230,103.87556
1049.00000,104.99005,103.32938,104.58902,105.56361,102.98080,104.18417
1050.00000,105.54053,103.84969,104.12401,105.61909,103.26466,104.10587
1051.00000,105.58694,103.68534,103.77422,106.01629,103.73396,104.06965
1052.00000,105.82080,103.70401,104.03152,105.98753,104.19869,103.92384
1053.00000,104.80097,103.19015,103.65540,105.32176,103.23499,103.52540
1054.00000,104.82748,103.03406,103.64188,104.93578,102.84962,102.84235
1055.00000,104.78014,103.26131,103.64226,105.04261,102.91537,102.75801
1056.00000,104.97813,103.90015,104.61179,105.56399,103.78427,103.01405
1057.00000,105.44310,104.16631,104.84791,105.78935,104.42961,103.75949
1058.00000,105.17072,103.78064,104.75084,105.11163,103.55547,103.34214
1059.00000,105.57607,103.59435,104.83015,105.11533,103.43040,103.10027
1060.00000,104.86620,103.83463,104.60777,104.79980,103.57422,102.87546
1061.00000,105.17284,104.03639,104.51659,104.95004,103.83653,103.03590
1062.00000,105.34946,103.91382,104.50215,104.47568,104.28079,103.16539
1063.00000,106.08001,103.89048,104.57491,104.68558,104.53038,103.27634
1064.00000,106.24281,104.37531,105.02680,105.36688,105.34500,103.73853
1065.00000,105.86555,103.81461,104.89286,105.73460,105.21189,103.75439
1066.00000,105.00816,103.14932,104.40570,105.87457,104.29025,102.98318
1067.00000,104.70335,102.88029,104.55761,105.39851,103.96902,103.07659
1068.00000,105.36634,103.11304,104.37561,105.63774,103.95474,103.55066
1069.00000,106.15970,103.65635,105.00840,105.57486,104.27409,104.15615
1070.00000,105.83617,103.13314,104.48202,105.34611,104.49037,103.93202
1071.00000,104.88137,102.69672,103.84841,104.67435,103.75060,103.17917
1072.00000,104.87114,102.30556,103.74713,104.15771,103.66006,103.01813
1073.00000,104.73637,102.74750,103.59520,103.97917,103.17035,102.66573
1074.00000,104.75725,103.52459,103.66016,104.13140,103.87221,102.61884
1075.00000,104.44373,103.29665,103.20152,104.19525,103.78874,102.59304
1076.00000,105.34511,103.72406,103.60493,104.98634,104.39623,103.28251
1077.00000,105.87016,103.41371,104.07037,104.93745,104.25964,103.75582
1078.00000,105.73877,103.71362,104.49037,105.18504,104.09016,103.87932
1079.00000,104.77526,102.60188,104.02599,103.98337,103.27303,103.04958
1080.00000,104.52250,102.73322,103.65478,104.13528,103.35542,103.10861
1081.00000,104.64639,103.33902,104.08147,104.54513,103.55572,103.33129
1082.00000,105.01254,104.70003,104.11229,105.68589,103.93501,103.85829
1083.00000,105.08601,105.10217,104.38919,105.99817,104.06419,103.86790
1084.00000,105.24142,104.61752,103.86556,105.49953,104.46267,103.40978
1085.00000,105.43806,103.95414,104.43902,105.32065,104.44783,103.53117
1086.00000,105.22963,103.38063,104.14487,105.03603,104.24866,103.09402
1087.00000,105.37813,103.84909,104.40250,105.25403,104.63046,103.60085
1088.00000,105.41148,103.51109,104.01488,104.79671,104.05916,103.18449
1089.00000,104.98905,103.80611,104.21931,105.18710,104.13869,103.19735
1090.00000,105.28040,103.27057,104.26850,105.66236,103.69398,103.09901
1091.00000,104.67620,103.64844,104.16610,105.88552,104.29350,103.13606
1092.00000,105.07221,103.55907,104.15466,105.21456,104.20166,103.07007
1093.00000,104.22665,103.33723,103.81784,104.33394,103.72215,102.92771
1094.00000,104.19951,103.18834,103.46060,104.11409,103.74536,102.67416
1095.00000,104.11037,102.99687,103.38553,104.14444,103.25860,102.56786
1096.00000,104.02495,103.17904,103.54508,104.29196,103.53428,102.21511
1097.00000,104.38200,102.70027,103.83576,104.37556,102.88553,102.28430
1098.00000,104.16232,102.49078,103.86452,104.46252,103.17192,102.41472
1099.00000,104.40868,102.35032,103.78846,104.39247,103.12697,102.57619
1100.00000,104.59386,102.88597,103.92060,104.33642,103.62245,102.98549
1101.00000,104.99577,103.04362,103.74468,104.10093,103.90788,102.50982
1102.00000,104.55605,102.78268,103.39917,103.75658,103.71548,102.16068
1103.00000,104.27109,102.50602,103.21384,103.50802,103.52033,101.60654
1104.00000,104.14912,102.61217,103.89713,103.91352,103.49034,102.41555
1105.00000,104.45953,102.51093,103.99324,104.28497,103.66959,102.63020
1106.00000,104.41319,102.40726,104.02050,104.31713,103.60625,102.59968
1107.00000,104.58809,102.53139,103.32583,104.16335,103.44643,102.40239
1108.00000,104.70214,102.80452,103.37531,104.48098,103.26537,102.43020
1109.00000,105.04694,103.28623,103.58564,104.98293,103.47731,102.73845
1110.00000,104.94813,103.21108,103.70787,104.91842,103.69818,102.81512
1111.00000,105.40826,103.45895,103.83186,104.52858,103.96506,103.07967
1112.00000,105.38412,103.12040,103.56503,104.15717,103.66641,102.89236
1113.00000,105.41204,103.01003,103.62920,104.32784,103.39288,102.75215
1114.00000,104.51870,102.04166,103.31078,103.99488,102.83632,102.54054
1115.00000,104.32321,102.29763,103.29214,104.09635,102.80467,102.40340
1116.00000,103.88245,102.08794,102.78420,103.54752,102.62032,102.44781
1117.00000,103.92944,102.73670,102.78252,103.66662,102.76284,102.56918
1118.00000,103.56918,102.01736,102.63273,103.53703,102.90071,102.26769
1119.00000,103.86819,101.88251,102.83907,103.76627,102.95905,102.16785
1120.00000,103.92084,101.76534,103.20536,104.04471,103.34570,102.26694
1121.00000,104.12061,102.11328,103.15990,103.74010,103.39616,102.59528
1122.00000,104.43774,102.63902,103.16783,104.00545,103.42115,102.67128
1123.00000,104.60249,102.78924,102.91047,103.69566,103.11867,102.05847
1124.00000,104.86003,103.02177,103.04502,104.25782,103.37906,102.72134
1125.00000,104.83080,102.99783,103.12661,104.06424,103.32605,102.34793
1126.00000,105.14416,103.16221,103.25471,104.25404,103.57853,102.86096
1127.00000,104.73697,102.60932,103.08237,103.46754,103.05231,101.81268
1128.00000,104.38994,101.81898,102.65714,103.14466,102.96815,101.65774
1129.00000,104.13648,101.56361,102.67030,103.30323,102.60404,101.43015
1130.00000,103.78530,101.79051,102.66066,103.66782,102.48709,101.90364
1131.00000,103.46390,101.81570,103.19008,103.84183,102.20119,102.05854
1132.00000,103.18237,102.08891,103.05672,103.59169,102.15742,101.79924
1133.00000,103.54129,102.12804,103.22796,103.67030,102.31954,101.55527
1134.00000,103.93707,102.87018,103.26163,103.66092,102.49100,101.40587
1135.00000,104.11754,102.65514,103.02380,103.86694,102.34541,101.61137
1136.00000,104.43526,102.69165,102.78059,103.71922,102.07323,101.50930
1137.00000,103.97748,102.04714,102.25463,103.52126,101.83445,101.36066
1138.00000,104.12727,102.18130,102.72670,103.25981,101.59925,101.14617
1139.00000,103.78634,102.13693,102.54968,103.24484,101.45325,101.16178
1140.00000,104.10942,102.33270,102.63523,103.28848,101.29350,100.97976
1141.00000,103.64367,101.82461,102.13522,103.30473,101.14082,100.84315
1142.00000,103.77979,101.75551,102.21320,103.32557,100.85478,100.43693
1143.00000,103.56107,101.92820,102.17408,103.26271,100.65759,100.45992
1144.00000,104.20284,102.39014,102.64655,103.32602,100.70029,100.32327
1145.00000,104.01858,102.23266,102.77924,103.11359,100.19726,99.96362
1146.00000,104.49575,101.99417,103.04305,103.31654,99.73032,99.67160
1147.00000,103.85083,101.56712,102.17664,102.79755,98.73783,99.05893
1148.00000,103.94249,101.59794,101.75253,102.75646,98.29185,98.96412
1149.00000,103.56075,101.78178,101.49973,102.48744,97.51377,98.75982
1150.00000,103.91593,102.22024,102.05131,102.68129,96.66027,98.96687
1151.00000,103.81385,102.17989,102.03476,102.39536,95.09523,98.33787
1152.00000,104.13680,101.98739,102.06898,102.03544,93.54031,98.15308
1153.00000,103.75506,101.48002,101.45296,101.64361,91.38563,96.91899
1154.00000,104.15758,101.87340,101.66853,101.64024,89.81104,96.55113
1155.00000,103.79240,101.70595,101.07297,101.61118,87.01326,95.08077
1156.00000,103.86395,101.89241,101.04164,101.32875,84.24499,94.18466
1157.00000,103.14531,101.27424,100.09245,100.77773,80.25131,91.84999
1158.00000,102.83064,100.87005,99.94297,99.97731,76.49319,89.60289
1159.00000,103.08549,101.26826,99.87318,99.56686,72.16775,87.48825
1160.00000,103.13057,101.14475,99.91645,98.82264,67.42416,85.16808
1161.00000,103.10362,101.34023,99.34645,97.82315,62.56519,82.13547
1162.00000,102.49911,100.47658,98.11991,96.43175,57.16941,77.83725
1163.00000,102.46283,100.81855,97.67900,95.59803,51.95253,73.39970
1164.00000,102.37161,100.74670,96.72332,94.16511,46.55558,68.26027
1165.00000,102.41534,100.74189,96.33419,92.71601,42.00564,62.73981
1166.00000,102.21346,100.13809,94.84383,90.10754,37.60238,56.74952
1167.00000,102.48924,100.40811,94.15069,87.98282,33.55471,50.90589
1168.00000,102.33976,100.22276,92.39408,84.75799,29.68081,44.74031
1169.00000,102.02246,100.01044,90.67769,80.91385,26.70903,38.70745
1170.00000,100.99822,99.10754,88.26034,75.89769,24.40198,32.99805
1171.00000,99.96536,98.73746,85.15401,69.85802,23.42282,27.92517
1172.00000,99.43291,98.27824,81.67977,63.06831,23.27049,23.90989
1173.00000,99.05594,97.93281,77.33812,55.58749,24.75601,20.88037
1174.00000,99.09438,97.00857,72.07150,47.35374,27.03322,19.37236
1175.00000,97.98638,96.57510,65.81008,38.86915,30.08654,19.17375
1176.00000,96.74332,95.74374,58.24174,30.47473,33.62579,20.25579
1177.00000,95.06475,95.03028,50.37136,23.17735,37.63666,22.49340
1178.00000,93.85020,93.77961,41.52801,17.32260,41.78878,25.55303
1179.00000,92.22469,92.37154,32.66441,13.37671,45.39108,29.15051
1180.00000,90.46049,90.86427,24.52999,11.32899,48.55485,33.16744
1181.00000,87.86401,88.67500,17.39826,11.60755,51.38860,37.58925
1182.00000,85.03943,86.47979,12.49430,13.65333,54.24421,42.11219
1183.00000,81.37820,83.71523,9.67622,18.04887,56.87587,46.14670
1184.00000,77.05100,80.05688,9.55928,22.65061,59.37504,49.44688
1185.00000,71.77074,75.94073,11.45323,28.19386,61.00051,52.46466
1186.00000,65.46229,70.29289,15.17483,32.97662,62.22103,55.07692
1187.00000,58.33752,64.38258,19.87768,38.07186,63.13133,57.38235
1188.00000,50.23048,57.29473,25.13769,42.26636,63.60496,58.95098
1189.00000,42.40081,50.19468,29.87592,46.07581,64.01262,60.30720
1190.00000,34.64068,42.68276,34.89143,49.53558,64.29762,61.67919
1191.00000,27.62553,34.89424,39.18103,52.68852,64.90332,62.90709
1192.00000,20.49496,27.26046,43.33926,55.55205,65.49057,64.01871
1193.00000,14.85067,20.45957,46.78710,57.78906,65.72860,64.31584
1194.00000,10.67324,14.44046,50.04653,59.56326,65.62913,64.72733
1195.00000,8.90973,10.43214,53.01559,61.02021,65.25447,64.65499
1196.00000,9.09838,8.18552,56.05469,62.31693,64.72885,64.99268
1197.00000,11.18507,8.67292,58.41725,63.80408,64.42333,65.10807
1198.00000,14.98383,10.72504,60.36869,64.88077,63.82229,65.17420
1199.00000,19.61710,14.41329,61.56109,65.82713,63.04381,64.85929
1200.00000,23.08796,17.18366,62.44563,66.10220,62.33260,64.44581
