Wavelength (nm),A3 Abs,A3 Transmittance,A3 Transmittance (%)
800.0400391,0.07109305263,0.8489985477608566,84.89985477608566
801.151001,0.07165116817,0.847908193253473,84.7908193253473
802.2620239,0.07220400125,0.8468295392606348,84.68295392606348
803.3730469,0.07265343517,0.8459536426686107,84.59536426686107
804.4840088,0.07301399112,0.8452516143117462,84.52516143117462
805.5950317,0.0735026747,0.844301042075615,84.4301042075615
806.7059937,0.07359097898,0.8441293893845503,84.41293893845503
807.8170166,0.07390014082,0.8435286916122791,84.3528691612279
808.9280396,0.07413874567,0.8430653775114554,84.30653775114554
810.0390015,0.07432629913,0.8427013717563296,84.27013717563297
811.1500244,0.07438899577,0.8425797245026685,84.25797245026685
812.2610474,0.07453590631,0.8422947498750634,84.22947498750634
813.3720093,0.0747262463,0.8419256748499058,84.19256748499058
814.4830322,0.07497046888,0.8414523567071717,84.14523567071717
815.5939941,0.0747891888,0.8418036630145278,84.18036630145278
816.7050171,0.07488055527,0.8416265837687837,84.16265837687837
817.81604,0.07495194674,0.8414882444086275,84.14882444086274
818.927002,0.07490132004,0.8415863443336046,84.15863443336046
820.0380249,0.0750143677,0.8413673063548226,84.13673063548227
821.1490479,0.07506412268,0.8412709205673848,84.12709205673849
822.2600098,0.07497569919,0.8414422229606983,84.14422229606983
823.3710327,0.07498492301,0.8414243520700718,84.14243520700718
824.4819946,0.07497938722,0.84143507746124,84.143507746124
825.5930176,0.07491229475,0.8415650775440068,84.15650775440068
826.7040405,0.07486984879,0.8416473322922705,84.16473322922705
827.8150024,0.07482866943,0.8417271402178312,84.17271402178312
828.9260254,0.07482703775,0.8417303026616969,84.17303026616969
830.0370483,0.07472845912,0.8419213850757935,84.19213850757934
831.1480103,0.07472941279,0.8419195362973282,84.19195362973282
832.2590332,0.0746377334,0.8420972839325024,84.20972839325024
833.3699951,0.07458747923,0.8421947324389341,84.2194732438934
834.4810181,0.0745972544,0.8421757763978694,84.21757763978694
835.592041,0.07451909781,0.8423273498409154,84.23273498409154
836.7030029,0.07446113974,0.8424397687807347,84.24397687807347
837.8140259,0.07442912459,0.8425018737137341,84.25018737137341
838.9250488,0.07444921881,0.8424628931900074,84.24628931900074
840.0360107,0.07442396134,0.8425118901284925,84.25118901284925
841.1470337,0.07434156537,0.8426717497928549,84.26717497928549
842.2579956,0.07427119464,0.8428083028304669,84.2808302830467
843.3690186,0.07429822534,0.8427558476637924,84.27558476637924
844.4800415,0.07423666865,0.8428753079363144,84.28753079363143
845.5910034,0.07425184548,0.8428458533789159,84.2845853378916
846.7020264,0.07418268174,0.8429800918184668,84.29800918184668
847.8129883,0.07418904454,0.8429677415016649,84.29677415016648
848.9240112,0.074303478,0.8427456548491344,84.27456548491344
850.0350342,0.0742822513,0.8427868461308825,84.27868461308825
851.1459961,0.07433295995,0.8426884472561554,84.26884472561554
852.257019,0.07423412055,0.8428802532832212,84.28802532832212
853.368042,0.07428765297,0.8427763637777749,84.27763637777748
854.4790039,0.07437857985,0.8425999327913143,84.25999327913144
855.5900269,0.07434900105,0.8426573222923954,84.26573222923955
856.7009888,0.07447567582,0.8424115723208433,84.24115723208433
857.8120117,0.0745010525,0.842362349995361,84.2362349995361
858.9230347,0.07450010628,0.8423641852960713,84.23641852960712
860.0339966,0.0745106712,0.8423436936657313,84.23436936657312
861.1450195,0.07460272312,0.8421651716245958,84.21651716245958
862.2560425,0.07463051379,0.8421112828773629,84.21112828773629
863.3670044,0.07474552095,0.8418883097364113,84.18883097364113
864.4780273,0.07478355616,0.8418145809698103,84.18145809698103
865.5889893,0.07486659288,0.8416536421542468,84.16536421542467
866.7000122,0.07487772405,0.841632070455543,84.1632070455543
867.8110352,0.07499510795,0.8414046194775351,84.14046194775351
868.9219971,0.07512163371,0.8411595234490364,84.11595234490365
870.03302,0.07524702698,0.8409166916329277,84.09166916329276
871.144043,0.07541719824,0.8405872565907772,84.05872565907771
872.2550049,0.0755244419,0.8403797095732737,84.03797095732737
873.3660278,0.07575474679,0.8399341772076587,83.99341772076588
874.4769897,0.0758779496,0.8396959343140288,83.96959343140288
875.5880127,0.07608245313,0.83930062567975,83.930062567975
876.6990356,0.07636542618,0.8387539410892104,83.87539410892104
877.8099976,0.0765947029,0.8383112552912737,83.83112552912738
878.9210205,0.07684665173,0.8378250637895784,83.78250637895785
880.0320435,0.07700385153,0.8375218545518462,83.75218545518463
881.1430054,0.07722879946,0.837088162593752,83.7088162593752
882.2540283,0.07742257416,0.8367147516183714,83.67147516183714
883.3649902,0.07746982574,0.8366237213498103,83.66237213498103
884.4760132,0.07763256878,0.8363102723284557,83.63102723284557
885.5870361,0.07775259018,0.8360791819845319,83.60791819845319
886.697998,0.07778572291,0.8360153991590838,83.60153991590839
887.809021,0.07800260931,0.8355979978111128,83.55979978111128
888.9200439,0.07813391834,0.8353453927662954,83.53453927662954
890.0310059,0.07836875319,0.8348938208698226,83.48938208698226
891.1420288,0.07860485464,0.8344400594747329,83.44400594747329
892.2529907,0.07895610482,0.8337654510254944,83.37654510254944
893.3640137,0.07917361706,0.8333479721228912,83.33479721228912
894.4750366,0.07945071906,0.8328164232662211,83.2816423266221
895.5859985,0.07991017401,0.8319358242473797,83.19358242473797
896.6970215,0.08019080013,0.8313984296440151,83.13984296440151
897.8080444,0.08059681207,0.830621537546408,83.0621537546408
898.9190063,0.08111163974,0.8296374734910598,82.96374734910597
900.0300293,0.08169797063,0.8285181549661533,82.85181549661533
901.1409912,0.08243667334,0.8271101048545582,82.71101048545582
902.2520142,0.08312489837,0.825800424202619,82.5800424202619
903.3630371,0.08404316753,0.8240562023010699,82.40562023010699
904.473999,0.08477500826,0.8226687334934322,82.26687334934321
905.585022,0.08570661396,0.8209059170296348,82.09059170296348
906.6960449,0.08694144338,0.8185751504919693,81.85751504919693
907.8070068,0.08874931186,0.8151746921593773,81.51746921593774
908.9180298,0.09175882488,0.8095453361392454,80.95453361392454
910.0289917,0.09603115916,0.8016205477617468,80.16205477617468
911.1400146,0.1018416435,0.790966985175894,79.0966985175894
912.2510376,0.1073577031,0.7809842882861302,78.09842882861302
913.3619995,0.1111436412,0.7742056899499172,77.42056899499173
914.4730225,0.1119640917,0.7727444744483725,77.27444744483725
915.5839844,0.1096897274,0.7768018882781866,77.68018882781867
916.6950073,0.1056439653,0.7840721618710615,78.40721618710616
917.8060303,0.1017487049,0.7911362694600689,79.11362694600689
918.9169922,0.09869296849,0.7967224071579512,79.67224071579511
920.0280151,0.09746526182,0.79897784744433,79.897784744433
921.1390381,0.09778648615,0.7983871048899487,79.83871048899486
922.25,0.09972713888,0.7948274568024438,79.48274568024438
923.3610229,0.1035376191,0.7878841810388314,78.78841810388315
924.4719849,0.1080087349,0.7798144260745379,77.98144260745379
925.5830078,0.1123753116,0.7720131331029136,77.20131331029137
926.6940308,0.1162304729,0.7651904252384477,76.51904252384477
927.8049927,0.118511416,0.7611821300722194,76.11821300722194
928.9160156,0.1195731685,0.7593234835780405,75.93234835780405
930.0270386,0.1200497821,0.7584906261454631,75.84906261454631
931.1380005,0.1199155077,0.7587251711923428,75.87251711923429
932.2490234,0.1207690164,0.757235530769256,75.7235530769256
933.3599854,0.1234548986,0.7525668800440825,75.25668800440825
934.4710083,0.128243044,0.7443153165279986,74.43153165279986
935.5820313,0.1337279081,0.7349741961177708,73.49741961177708
936.6929932,0.1393477768,0.7255247349340265,72.55247349340264
937.8040161,0.1442866474,0.7173206817990576,71.73206817990577
938.9150391,0.1493187249,0.7090572061225193,70.90572061225193
940.026001,0.1522402614,0.7043033248515226,70.43033248515226
941.1370239,0.1500782669,0.7078182125826397,70.78182125826396
942.2479858,0.1406261176,0.7233923011788845,72.33923011788845
943.3590088,0.1279685497,0.7447859071081651,74.4785907108165
944.4700317,0.1158218011,0.7659108095370045,76.59108095370046
945.5809937,0.1067094356,0.7821509270672933,78.21509270672932
946.6920166,0.1009661928,0.7925630243194007,79.25630243194007
947.8030396,0.09732891619,0.799228723853223,79.9228723853223
948.9140015,0.09528072923,0.8030068883729476,80.30068883729477
950.0250244,0.09383350611,0.8056872553824851,80.56872553824851
951.1359863,0.09262938052,0.8079242048347918,80.79242048347918
952.2470093,0.09150829911,0.8100124626746528,81.00124626746528
953.3580322,0.09095782787,0.8110398099843135,81.10398099843135
954.4689941,0.09096644819,0.8110237117984047,81.10237117984047
955.5800171,0.09145656228,0.8101089639545705,81.01089639545705
956.69104,0.09200078994,0.809094427511898,80.9094427511898
957.802002,0.09207575768,0.8089547740088026,80.89547740088025
958.9130249,0.0913495943,0.8103085206970992,81.03085206970992
960.0239868,0.09020979702,0.8124379524901396,81.24379524901396
961.1350098,0.08913654089,0.8144481836841752,81.44481836841751
962.2460327,0.08882279694,0.8150367716647107,81.50367716647106
963.3569946,0.0898803696,0.813054448628783,81.30544486287829
964.4680176,0.09279056638,0.8076244041237898,80.76244041237898
965.5790405,0.1005816832,0.7932650434580115,79.32650434580115
966.6900024,0.1145832688,0.7680981714111558,76.80981714111557
967.8010254,0.1285471469,0.7437943124005671,74.37943124005672
968.9119873,0.1303137988,0.7407748022068278,74.07748022068277
970.0230103,0.1152232587,0.7669671115657083,76.69671115657083
971.1340332,0.09727881104,0.7993209372865068,79.93209372865067
972.2449951,0.08656333387,0.8192881363477896,81.92881363477896
973.3560181,0.08230952919,0.8273522852431642,82.73522852431641
974.467041,0.08107635379,0.8297048833636744,82.97048833636744
975.5780029,0.08107192814,0.8297133384610327,82.97133384610326
976.6890259,0.08180309087,0.8283176378256116,82.83176378256117
977.7999878,0.08261024207,0.8267796107478657,82.67796107478657
978.9110107,0.08281881362,0.8263826420765913,82.63826420765913
980.0220337,0.08263147622,0.8267391876390664,82.67391876390664
981.1329956,0.0820928514,0.8277651700481842,82.77651700481842
982.2440186,0.08143007755,0.829029381241347,82.90293812413469
983.3550415,0.08066774905,0.8304858762059636,83.04858762059636
984.4660034,0.08002914488,0.8317079545014613,83.17079545014613
985.5770264,0.07961054146,0.8325099993145857,83.25099993145857
986.6879883,0.0792549476,0.8331919252525799,83.31919252525799
987.7990112,0.07893869281,0.833798879549233,83.3798879549233
988.9100342,0.07856325805,0.8345199857109225,83.45199857109225
990.0209961,0.07826712728,0.8350892108086502,83.50892108086502
991.132019,0.0781981647,0.8352218269978114,83.52218269978114
992.242981,0.0782552883,0.8351119758670008,83.51119758670008
993.3540039,0.0783796981,0.8348727804860123,83.48727804860123
994.4650269,0.07844772935,0.8347420097927363,83.47420097927363
995.5759888,0.07860684395,0.83443623728444,83.44362372844401
996.6870117,0.07887182385,0.8339272706728332,83.39272706728332
997.7980347,0.07914227247,0.8334081200046766,83.34081200046765
998.9089966,0.0793595016,0.8329913630373763,83.29913630373763
1000.02002,0.07928781956,0.833128862938237,83.3128862938237
1001.130981,0.07899612933,0.8336886148755214,83.36886148755214
1002.242004,0.07877901942,0.83410549171362,83.410549171362
1003.353027,0.07869886607,0.834259448353828,83.42594483538281
1004.463989,0.07879956812,0.8340660268372456,83.40660268372456
1005.575012,0.0787473619,0.8341662953268836,83.41662953268836
1006.686035,0.07841929048,0.834796672925149,83.4796672925149
1007.796997,0.07791402191,0.8357684604978899,83.57684604978898
1008.90802,0.07735653222,0.8368419981513662,83.68419981513662
1010.018982,0.07680757344,0.8379004555922508,83.79004555922508
1011.130005,0.07656987756,0.8383591765926747,83.83591765926747
1012.241028,0.07632537186,0.8388313016577792,83.88313016577791
1013.35199,0.07610107958,0.839264629698798,83.9264629698798
1014.463013,0.07589241117,0.8396679737484198,83.96679737484199
1015.574036,0.07579041272,0.8398652014210496,83.98652014210496
1016.684998,0.07594599575,0.8395643793395592,83.95643793395593
1017.796021,0.07615733892,0.8391559167908627,83.91559167908626
1018.906982,0.07646867633,0.838554557536713,83.85545575367131
1020.018005,0.07715600729,0.8372284788381325,83.72284788381324
1021.129028,0.07809261233,0.8354248467486102,83.54248467486102
1022.23999,0.07934243977,0.8330240888416383,83.30240888416382
1023.351013,0.08027917147,0.8312292717989204,83.12292717989203
1024.462036,0.08101630211,0.8298196179945546,82.98196179945546
1025.572998,0.08138268441,0.8291198554496456,82.91198554496457
1026.68396,0.08198938519,0.8279624001107397,82.79624001107398
1027.795044,0.08324109018,0.8255795178460853,82.55795178460853
1028.906006,0.08431380987,0.8235428293922842,82.35428293922841
1030.016968,0.08375532925,0.8246025448180494,82.46025448180494
1031.128052,0.08132711053,0.8292259593895147,82.92259593895147
1032.239014,0.07854486257,0.8345553343544623,83.45553343544623
1033.349976,0.07654251903,0.8384119909803627,83.84119909803627
1034.46106,0.07535625994,0.8407052123891623,84.07052123891623
1035.572021,0.07459894568,0.8421724967055569,84.21724967055569
1036.682983,0.07429303229,0.8427659249261176,84.27659249261175
1037.794067,0.07401131094,0.8433127939009846,84.33127939009846
1038.905029,0.07368636131,0.8439440170383915,84.39440170383915
1040.015991,0.0735590905,0.8441913726529005,84.41913726529005
1041.126953,0.07344298065,0.844417099761398,84.4417099761398
1042.238037,0.07327349484,0.8447467024889747,84.47467024889747
1043.348999,0.07325614989,0.8447804408451385,84.47804408451385
1044.459961,0.0732363537,0.8448189488528732,84.48189488528732
1045.571045,0.0732165575,0.8448574586353894,84.48574586353894
1046.682007,0.07337548584,0.8445483429686851,84.45483429686851
1047.792969,0.07331130654,0.8446731581088772,84.46731581088773
1048.904053,0.07320666313,0.8448767069285772,84.48767069285772
1050.015015,0.07315194607,0.8449831602309716,84.49831602309716
1051.125977,0.0730105564,0.8452582992092663,84.52582992092663
1052.237061,0.07302905619,0.8452222942203983,84.52222942203983
1053.348022,0.07289665192,0.845480018199239,84.5480018199239
1054.458984,0.07282555848,0.84561843350389,84.561843350389
1055.570068,0.07278439403,0.8456985889489324,84.56985889489323
1056.68103,0.07282479852,0.8456199132296838,84.56199132296838
1057.791992,0.07280811667,0.84565239528061,84.565239528061
1058.902954,0.07267194986,0.8459175790384124,84.59175790384124
1060.014038,0.07267635316,0.8459090023464485,84.59090023464485
1061.125,0.07267405838,0.8459134720790144,84.59134720790144
1062.235962,0.07272158563,0.8458209041488395,84.58209041488395
1063.347046,0.0726262033,0.8460066887533473,84.60066887533473
1064.458008,0.07265903801,0.8459427290776461,84.5942729077646
1065.56897,0.0726615712,0.8459377948049315,84.59377948049315
1066.680054,0.07275830954,0.8457493846182043,84.57493846182042
1067.791016,0.0726654008,0.8459303353753724,84.59303353753724
1068.901978,0.07253484428,0.8461846750627785,84.61846750627785
1070.013062,0.07261191308,0.8460345265940541,84.6034526594054
1071.124023,0.07273676246,0.8457913466566037,84.57913466566038
1072.234985,0.07258538902,0.8460861988043906,84.60861988043906
1073.345947,0.07254698873,0.8461610129988489,84.61610129988489
1074.457031,0.07271062583,0.8458422494463304,84.58422494463304
1075.567993,0.07274319232,0.845778824554857,84.57788245548569
1076.678955,0.0726756826,0.8459103084491096,84.59103084491096
1077.790039,0.07261209935,0.8460341637277871,84.60341637277871
1078.901001,0.07272084802,0.845822340700564,84.5822340700564
1080.011963,0.07262213528,0.8460146133031446,84.60146133031446
1081.123047,0.07254821807,0.8461586178081413,84.61586178081413
1082.234009,0.07266484946,0.8459314092907607,84.59314092907607
1083.344971,0.07270202786,0.8458589952227059,84.5858995222706
1084.456055,0.07251120359,0.8462307381257366,84.62307381257365
1085.567017,0.07256014645,0.8461353774416539,84.61353774416538
1086.677979,0.0726396665,0.8459804628140752,84.59804628140752
1087.789063,0.07254527509,0.8461643517891848,84.61643517891848
1088.900024,0.07267280668,0.8459159101284554,84.59159101284554
1090.010986,0.07270777971,0.8458477926354142,84.58477926354142
1091.121948,0.07264538854,0.8459693166854464,84.59693166854464
1092.233032,0.07272017747,0.8458236466499417,84.58236466499417
1093.343994,0.07266833633,0.8459246174913367,84.59246174913368
1094.454956,0.07264260203,0.8459747445912138,84.59747445912139
1095.56604,0.07258553803,0.8460859085053237,84.60859085053237
1096.677002,0.07271613926,0.8458315114272535,84.58315114272536
1097.787964,0.07273465395,0.8457954530036004,84.57954530036004
1098.899048,0.07267776132,0.8459062595685887,84.59062595685887
1100.01001,0.07267277688,0.8459159681726997,84.59159681726996
1101.120972,0.07262861729,0.8460019863081267,84.60019863081267
1102.232056,0.07259172201,0.8460738610552552,84.60738610552552
1103.343018,0.07270763069,0.845848082872258,84.5848082872258
1104.453979,0.07259692252,0.8460637297056425,84.60637297056425
1105.565063,0.0726210624,0.8460167032981073,84.60167032981073
1106.676025,0.07264783233,0.8459645564003726,84.59645564003726
1107.786987,0.0725575164,0.8461405015801832,84.61405015801832
1108.897949,0.07264936715,0.845961566721525,84.5961566721525
1110.009033,0.07270520926,0.845852798952518,84.5852798952518
1111.119995,0.07259046286,0.8460763140807733,84.60763140807734
1112.230957,0.07262601703,0.8460070516078303,84.60070516078304
1113.342041,0.07262048125,0.8460178353938547,84.60178353938547
1114.453003,0.07270205766,0.8458589371823709,84.58589371823709
1115.563965,0.07270793617,0.8458474879082595,84.58474879082594
1116.675049,0.07255497575,0.8461454515697479,84.61454515697478
1117.786011,0.07265674323,0.845947198988422,84.5947198988422
1118.896973,0.07253184915,0.8461905108307904,84.61905108307904
1120.008057,0.07263002545,0.8459992432287754,84.59992432287754
1121.119019,0.0726922676,0.8458780051268866,84.58780051268866
1122.22998,0.07256430387,0.8461272775844138,84.61272775844138
1123.341064,0.07252368331,0.8462064215125299,84.620642151253
1124.452026,0.07268565893,0.8458908769715953,84.58908769715953
1125.562988,0.07264599949,0.845968126606797,84.5968126606797
1126.67395,0.07254457474,0.8461657163280087,84.61657163280087
1127.785034,0.07268847525,0.8458853915423082,84.58853915423083
1128.895996,0.07259297371,0.8460714225505772,84.60714225505772
1130.006958,0.07242476195,0.8463991880051865,84.63991880051866
1131.118042,0.07254243642,0.8461698825737345,84.61698825737345
1132.229004,0.07280299813,0.8456623620918392,84.56623620918393
1133.339966,0.07294664532,0.8453826971653514,84.53826971653514
1134.45105,0.07245384902,0.846342501933799,84.6342501933799
1135.562012,0.07212930173,0.84697520816338,84.697520816338
1136.672974,0.07241390646,0.8464203446008524,84.64203446008524
1137.784058,0.07268703729,0.8458881922948436,84.58881922948436
1138.89502,0.07268819958,0.8458859284713036,84.58859284713036
1140.005981,0.07276143134,0.845743305215749,84.57433052157491
1141.116943,0.07262806594,0.8460030603339563,84.60030603339564
1142.228027,0.07269187272,0.8458787742374151,84.5878774237415
1143.338989,0.07289276272,0.8454875896875892,84.54875896875892
1144.449951,0.07282905281,0.8456116296919686,84.56116296919686
1145.561035,0.07258915156,0.8460788687103895,84.60788687103896
1146.671997,0.07265196741,0.8459565016941533,84.59565016941532
1147.782959,0.07256966084,0.8461168407709699,84.611684077097
1148.894043,0.07265695184,0.8459467926443164,84.59467926443163
1150.005005,0.07244424522,0.8463612177921166,84.63612177921166
1151.115967,0.07258049399,0.8460957352844496,84.60957352844495
1152.227051,0.07256941497,0.8461173197888142,84.61173197888142
1153.338013,0.07261622697,0.846026122891245,84.60261228912451
1154.448975,0.07245241106,0.846345304199841,84.6345304199841
1155.560059,0.07256440073,0.8461270888740285,84.61270888740286
1156.671021,0.07244620472,0.846357399090443,84.6357399090443
1157.781982,0.07256066799,0.8461343613265565,84.61343613265565
1158.892944,0.07247446477,0.8463023274161754,84.63023274161753
1160.004028,0.07260264456,0.8460525824799393,84.60525824799393
1161.11499,0.07251352817,0.8462262086512288,84.62262086512288
1162.225952,0.07257608324,0.8461043283839957,84.61043283839957
1163.337036,0.07239793986,0.8464514633556744,84.64514633556745
1164.447998,0.07256326824,0.846129295284094,84.6129295284094
1165.55896,0.07241977751,0.8464089022667176,84.64089022667176
1166.670044,0.07255445421,0.8461464676981635,84.61464676981635
1167.781006,0.07252089679,0.8462118509590935,84.62118509590934
1168.891968,0.07242794335,0.8463929877778611,84.63929877778611
1170.003052,0.07246226072,0.846326109576594,84.63261095765941
1171.114014,0.07244036347,0.8463687826530036,84.63687826530037
1172.224976,0.0725049004,0.8462430200958195,84.62430200958195
1173.33606,0.07236390561,0.8465177996108073,84.65177996108073
1174.447021,0.07256803662,0.8461200051732872,84.61200051732872
1175.557983,0.07242008299,0.8464083069082424,84.64083069082425
1176.668945,0.0725870356,0.8460829909672426,84.60829909672427
1177.780029,0.07246442884,0.84632188448956,84.632188448956
1178.890991,0.07247526199,0.8463007738884417,84.63007738884417
1180.001953,0.07253010571,0.8461939078008347,84.61939078008346
1181.113037,0.07228727639,0.8466671768756976,84.66671768756976
1182.223999,0.07252496481,0.8462039245617871,84.6203924561787
1183.334961,0.07222946733,0.8467798844816097,84.67798844816097
1184.446045,0.07255543768,0.8461445515818897,84.61445515818897
1185.557007,0.07230944932,0.8466239513372532,84.66239513372533
1186.667969,0.0723759532,0.846494317023882,84.6494317023882
1187.779053,0.07243470103,0.8463798178926681,84.63798178926682
1188.890015,0.07224490494,0.8467497850310662,84.67497850310663
1190.000977,0.07238800079,0.8464708350883687,84.64708350883687
1191.112061,0.07216842473,0.8468989126542895,84.68989126542895
1192.223022,0.07236900926,0.8465078517404965,84.65078517404964
1193.333984,0.0723432675,0.8465580279427535,84.65580279427535
1194.444946,0.07223206758,0.84677481457422,84.677481457422
1195.55603,0.07238760591,0.8464716047379252,84.64716047379251
1196.666992,0.07218533009,0.8468659468834873,84.68659468834872
1197.777954,0.07227064669,0.8466995974827022,84.66995974827022
1198.889038,0.07235127687,0.8465424156468754,84.65424156468754
1200.0,0.07211787254,0.8469974980343311,84.69974980343311
